{
  "test_metrics": {
    "loss": 2.495606412485548e-06,
    "r2": 0.9999977350234985,
    "rmse": 0.0015797491991396849,
    "mae": 0.000939244288019836,
    "per_output_r2": [
      0.9999997615814209,
      0.999995768070221,
      0.9999983310699463,
      0.9999986290931702,
      0.9999960660934448
    ]
  },
  "training_history": {
    "train_loss": [
      0.18574506947688296,
      0.019147578418765843,
      0.00801317927538854,
      0.0060260775086956216,
      0.0035327239664151968,
      0.002533336164093931,
      0.0020952192664432825,
      0.0015747828237929762,
      0.0009430465054084275,
      0.0004462018336101942,
      0.00022974113435499923,
      0.00014317313248807497,
      6.798132752782802e-05,
      4.3062668215393346e-05,
      2.507119008634972e-05,
      1.5889363230075815e-05,
      1.5249797071489805e-05,
      3.71624422038533e-05,
      4.043526019608486e-05,
      0.000258830477156732,
      2.220719553422622e-05,
      0.0006111775695722199,
      1.6544887412881476e-05,
      1.018688518761498e-05,
      8.781448273373472e-05,
      3.666725303443565e-05,
      1.9668924691519245e-06,
      1.7238704662056877e-06,
      1.4440177517208434e-06,
      1.415119647752069e-06,
      3.691892894807121e-06,
      2.786657231717378e-06,
      8.792177887010769e-06,
      1.566334951582246e-05,
      5.353283315134751e-05,
      6.471611675301292e-05,
      2.96832915716401e-05,
      6.951218449759143e-05,
      1.2410347696270069e-05,
      3.1853972637817953e-06,
      6.480388770892033e-07,
      3.396800970216066e-07,
      2.7025083850223315e-07,
      5.958961751964802e-07,
      3.7874891662683886e-07,
      1.7084885449114769e-06,
      5.224006689413365e-06,
      9.53212254564954e-06,
      3.079799135379435e-05,
      8.327265996754818e-07
    ],
    "val_loss": [
      0.042311070525708296,
      0.0010007958953792695,
      0.0004320529613626907,
      9.615428268716641e-05,
      9.043099801904948e-05,
      1.7353335967603318e-05,
      0.00023660273564019008,
      2.6324133083714212e-05,
      0.0004182999693208937,
      1.2187550874879586e-05,
      7.378992115410672e-06,
      0.0001953549490281148,
      0.0024642481997337504,
      1.9856312391652864e-05,
      8.131422956599485e-06,
      8.602850395315423e-06,
      1.4289165103302063e-05
    ],
    "val_r2": [
      0.954864501953125,
      0.9989503622055054,
      0.9995347857475281,
      0.9998975992202759,
      0.9999018907546997,
      0.999981701374054,
      0.9997564554214478,
      0.9999723434448242,
      0.9995657801628113,
      0.999987006187439,
      0.9999920725822449,
      0.999792218208313,
      0.9975878000259399,
      0.9999788999557495,
      0.9999914169311523,
      0.9999906420707703,
      0.999984860420227
    ],
    "learning_rates": [
      0.005,
      0.005,
      0.005,
      0.005,
      0.005,
      0.005,
      0.005,
      0.005,
      0.005,
      0.005,
      0.005,
      0.005,
      0.005,
      0.005,
      0.005,
      0.005,
      0.005,
      0.005,
      0.005,
      0.005,
      0.005,
      0.005,
      0.005,
      0.005,
      0.005,
      0.0025,
      0.0025,
      0.0025,
      0.0025,
      0.0025,
      0.0025,
      0.0025,
      0.0025,
      0.0025,
      0.0025,
      0.0025,
      0.0025,
      0.0025,
      0.0025,
      0.0025,
      0.00125,
      0.00125,
      0.00125,
      0.00125,
      0.00125,
      0.00125,
      0.00125,
      0.00125,
      0.00125,
      0.000625
    ]
  }
}